employee,month,score
bobette.riner@ipgdirect.com,2010-01,1
johnny.palmer@enron.com,2010-01,1
rhonda.denton@enron.com,2010-01,1
kayne.coulter@enron.com,2010-02,1
lydia.delgado@enron.com,2010-02,1
patti.thompson@enron.com,2010-02,1
rhonda.denton@enron.com,2010-03,1
don.baughman@enron.com,2010-03,2
kayne.coulter@enron.com,2010-03,3
eric.bass@enron.com,2010-04,2
bobette.riner@ipgdirect.com,2010-04,3
sally.beck@enron.com,2010-04,3
johnny.palmer@enron.com,2010-05,1
bobette.riner@ipgdirect.com,2010-05,2
john.arnold@enron.com,2010-05,3
eric.bass@enron.com,2010-06,1
bobette.riner@ipgdirect.com,2010-06,2
kayne.coulter@enron.com,2010-06,2
patti.thompson@enron.com,2010-07,1
don.baughman@enron.com,2010-07,2
johnny.palmer@enron.com,2010-07,3
patti.thompson@enron.com,2010-08,1
don.baughman@enron.com,2010-08,2
eric.bass@enron.com,2010-08,2
bobette.riner@ipgdirect.com,2010-09,2
don.baughman@enron.com,2010-09,2
kayne.coulter@enron.com,2010-09,2
don.baughman@enron.com,2010-10,0
kayne.coulter@enron.com,2010-10,1
rhonda.denton@enron.com,2010-10,1
johnny.palmer@enron.com,2010-11,1
don.baughman@enron.com,2010-11,4
kayne.coulter@enron.com,2010-11,4
johnny.palmer@enron.com,2010-12,1
patti.thompson@enron.com,2010-12,1
eric.bass@enron.com,2010-12,2
kayne.coulter@enron.com,2011-01,1
don.baughman@enron.com,2011-01,2
john.arnold@enron.com,2011-01,2
eric.bass@enron.com,2011-02,-1
don.baughman@enron.com,2011-02,0
bobette.riner@ipgdirect.com,2011-02,2
johnny.palmer@enron.com,2011-03,0
don.baughman@enron.com,2011-03,1
eric.bass@enron.com,2011-03,4
sally.beck@enron.com,2011-04,0
john.arnold@enron.com,2011-04,2
kayne.coulter@enron.com,2011-04,2
bobette.riner@ipgdirect.com,2011-05,1
kayne.coulter@enron.com,2011-05,1
patti.thompson@enron.com,2011-05,1
kayne.coulter@enron.com,2011-06,-1
don.baughman@enron.com,2011-06,2
sally.beck@enron.com,2011-06,2
lydia.delgado@enron.com,2011-07,-1
kayne.coulter@enron.com,2011-07,1
don.baughman@enron.com,2011-07,3
kayne.coulter@enron.com,2011-08,1
rhonda.denton@enron.com,2011-08,1
bobette.riner@ipgdirect.com,2011-08,2
sally.beck@enron.com,2011-09,0
john.arnold@enron.com,2011-09,1
lydia.delgado@enron.com,2011-09,5
bobette.riner@ipgdirect.com,2011-10,0
rhonda.denton@enron.com,2011-10,0
johnny.palmer@enron.com,2011-10,2
eric.bass@enron.com,2011-11,1
rhonda.denton@enron.com,2011-11,2
don.baughman@enron.com,2011-11,5
johnny.palmer@enron.com,2011-12,2
bobette.riner@ipgdirect.com,2011-12,3
john.arnold@enron.com,2011-12,4
